Model,Accuracy,Precision,Recall,F1-score,Training Time (s),Testing Time (s)
MultinomialNB,0.97847533632287,0.9806708242172737,0.97847533632287,0.9795120498068083,0.006533384323120117,0.0
GaussianNB,0.8932735426008969,0.9273850333082764,0.8932735426008969,0.9027447909023393,0.551983118057251,0.25847768783569336
BernoulliNB,0.9865470852017937,0.9867544785440066,0.9865470852017937,0.9862618885993956,0.007485866546630859,0.0009999275207519531
ComplementNB,0.9596412556053812,0.9849845157914155,0.9596412556053812,0.9719921977383091,0.008526802062988281,0.000997304916381836
